model,subseq,peaks,binary,mwa
Grayscale,22.259550373098286,56.33973145680587,27.770154786659003,55.051615382747855
Polar,21.031892560763524,56.34701887356154,46.925739338874564,54.73999192203996
Polar Pith,21.280739641457483,56.353519022772666,46.24498187303678,54.72346535936389
Sobel,68.43117993648801,52.08850293010926,71.96938767628914,54.39710453002072
Canny,55.664556272371385,56.19510999633331,54.17220657888139,55.148438936995305
