model,subseq,peaks,binary,mwa
Grayscale,408.8757203448256,43.36270925082321,388.5506947757452,36.63293124752255
Polar,189.78595291566535,58.979492879789525,370.33320421325595,32.428657960866296
Polar Pith,130.43154505881074,65.88456914098215,251.85834976870288,49.984628217440154
Sobel,534.5664196629358,85.80579583113419,499.80452160962744,139.23180624604322
Canny,87.90645012292491,48.645853726925466,335.88236324934405,239.5544389926253
