model,subseq,peaks,binary,mwa
Grayscale,405.45262653739394,43.82272908915451,385.6405689725862,37.096434115789926
Polar,190.33160295868217,58.358894803436534,373.73612059154976,31.942477596454538
Polar Pith,127.29760590344972,65.9100848559178,237.534519577832,51.376689014641094
Sobel,529.2523888197658,83.61739235094232,494.53994178211445,139.74780537505004
Canny,86.88379194977294,47.66030632619919,334.8831804245325,239.2955845512288
