model,subseq,peaks,binary,mwa
Grayscale,377.93422294759176,57.86632524380845,356.04446429562074,32.20642458768471
Polar,156.0377218014926,77.30321151424866,342.16756088533907,44.71942391176344
Polar Pith,135.8049943597641,78.90587725434511,302.00756270998875,45.45634218828973
Sobel,507.75186506372813,62.99038493095593,473.8787527145584,115.7308620487878
Canny,66.97319219077303,32.58779754158159,291.2199355012176,200.60997944809893
