model,subseq,peaks,binary,mwa
Grayscale,373.09801649592623,58.52696998203288,349.9968590632874,32.005311787871854
Polar,160.47449082287537,77.0614138879937,341.3028869528664,43.767202570341794
Polar Pith,133.64478877222345,78.70765373802249,298.7662836392074,44.40538044539198
Sobel,502.05271549105726,61.52617907692266,468.5848994986868,113.93651207897415
Canny,63.6111018164719,30.575144509970116,284.993435840586,196.23081196004873
