model,subseq,peaks,binary,mwa
Grayscale,160.79037491530406,27.27568711579763,173.1837501279969,21.36670086687094
Polar,131.1177636218081,29.827945964812898,276.5614276929506,20.172070909058917
Polar Pith,130.18528432361006,29.593822164269422,276.22692175585394,20.235063156173826
Sobel,242.97164413733134,31.100436283032263,237.42919407382905,49.40280830513933
Canny,32.018535139624575,20.16370423395323,134.10675407421024,92.82533411247941
