model,subseq,peaks,binary,mwa
Grayscale,160.04528217141635,27.637113699907523,172.95457450033933,21.738568958562144
Polar,128.94423158688733,29.597027880235444,275.5327615994992,20.333006354487182
Polar Pith,129.4062367745914,29.749690310118858,278.35156466726505,20.195289253132195
Sobel,243.80767876558593,31.736486650409432,238.50317945768936,51.47406941027725
Canny,32.35146589149065,20.038298833456118,137.119376478798,94.30914841659389
