model,subseq,peaks,binary,mwa
Grayscale,298.11996255511576,87.32302211766014,274.63502543303224,64.49998348308456
Polar,139.08358433114142,99.79181276480733,341.04141690837935,68.69324749508102
Polar Pith,130.8716753886573,101.47771286044224,321.5936921659209,71.88988482236375
Sobel,399.46489776381424,68.1135741565145,363.3546163697606,107.05439323444627
Canny,70.20125669645354,59.64907586392646,256.03048905965284,176.55611261575916
