model,subseq,peaks,binary,mwa
Grayscale,306.6768138387818,87.04547429459187,282.46290515958583,64.49402060022167
Polar,136.1352128024661,100.7173877118544,344.8157543883861,69.83100160753362
Polar Pith,134.37382993676633,100.60600117085913,328.89331260994874,69.92039025213865
Sobel,409.63540360293956,70.4416528480551,373.00713148000693,109.51241449058101
Canny,71.83996552272849,60.831590657116635,260.6079189001476,180.71643987370103
