model,subseq,peaks,binary,mwa
Grayscale,318.30211491852697,77.65738349512894,293.7575477373791,57.03477733710246
Polar,145.25572206170284,91.5247229073861,355.7000968600515,61.83988854676397
Polar Pith,143.00478984339918,91.35225626497892,338.648522480571,62.22875139354798
Sobel,423.25887158276066,70.28965433086424,386.1123468594619,113.60912643195068
Canny,71.81505481592481,54.80102889414708,270.4308301008737,188.5658045979983
