Name,Inc/Dec,Peaks,High/Low,Upward/Downward
Baseline Model,68.9815238973781,186.55168710099426,172.28239836655345,21.21229944459753
Polar Model,55.879849037100044,223.9055127105161,276.35199101931744,21.18998879188
Polar Model,54.78000941783583,220.29772516544102,272.1304755786025,19.85384272685586
Canny Edge Model,17.12620267840534,117.25030741140162,137.12602940485408,95.10294026558321
Sobel Edge Model,94.59167255654937,213.95790659719623,35.83741993522464,34.59575808206444
